1798833	4353872	1.0
3452176	2459709	0.040148383836	3625790	0.0522240759768	3325231	0.0520066041432	2323993	0.0480140891038	2022527	0.0503219918932	1973476	0.0508354974959	1527730	0.0484784057814	1256187	0.0491916087741	599027	0.0495831437098	411506	0.0462179381944	2566047	0.0472611164771	1897883	0.0557803907646	3342881	0.0523480571948	456544	0.0505072989615	2519394	0.04633558142	4003176	0.0482933684131	1624871	0.0511192114419	1001794	0.0462628800618	3008188	0.0614597341999	2749211	0.0536106221566
772184	1365931	0.0520778246367	593464	0.0420913878178	4110708	0.043320685795	4372878	0.0458941047354	31464	0.0437888754725	3458217	0.0486562224203	1350853	0.0468757714514	1448492	0.0440710530691	3584280	0.0423931479414	358669	0.0411419869699	2170930	0.0444024485406	447286	0.0457223818034	2656737	0.045793289376	2668855	0.0817535587495	2785718	0.0785828634134	4337751	0.0458941047354	620480	0.042126334711	2412193	0.042232728527	4171970	0.0447916291483	485927	0.0336334808269	2766083	0.0447561198593
679744	3172901	0.163858064981	1674014	0.122392753541	2931485	0.131234185078	1110423	0.147678367113	2425635	0.185269665954	2927173	0.249566963333
613479	1887666	0.0504387622575	3673230	0.0443593500262	1054555	0.0534852537331	1082938	0.0479112809627	3657982	0.0492178720427	791864	0.046356408372	3967620	0.0680917323367	1380077	0.0515508851518	2400599	0.0392722724359	3946146	0.0480619373543	1859586	0.0530307532414	712080	0.053254349694	2681158	0.0475585354607	3265491	0.0445985035294	2098419	0.0449841465987	4170286	0.0532923149597	3593256	0.0429170742731	446210	0.052137122063	1507767	0.0539290219597	4371870	0.0555524235473
563812	2188383	0.0784880904171	979275	0.0712654361527	3389208	0.0732557735027	1058048	0.0725126168758	2553784	0.0704278621301	1850990	0.064637359548	1998160	0.0674542238171	1515079	0.0711116571561	1794285	0.0519591203781	2408710	0.0708859418348	2182812	0.0749485145876	2092755	0.0700152836906	312005	0.0667186264034	1609516	0.096319493506
2338977	2980454	0.0601851954239	4278788	0.081065594564	1763581	0.0563377117644	499254	0.0556254898386	930483	0.0617513247285	2640001	0.0423635436616	4103225	0.362957970929	4154887	0.0542570573101	1521184	0.0512711564916	3266329	0.0582184887871	2682714	0.0569954934282	2197162	0.0589709730728
604554	550701	0.0293435751922	3555441	0.0285062107352	2122913	0.0317261233099	1851509	0.0313877646172	1976759	0.0291267136119	3512620	0.0417350354496	1623927	0.0320322822043	4129462	0.0292321236676	292963	0.0372329870395	2763195	0.0368686333429	3778030	0.0370908333252	1778435	0.0317025340037	3889619	0.024141260946	3260079	0.0412446497593	3784445	0.0293551762309	2912754	0.0318562637639	3056964	0.0324812790149	2089648	0.030011838208	1327750	0.0291943767652	2501660	0.0293228018311	751263	0.0284834638798	650899	0.0294471781003	2486528	0.0305649977668	2917636	0.0320014932235	1010691	0.0326479673604	1191910	0.0321262442472	2554316	0.0291331969104	2579986	0.0287859810797	940592	0.0320789602943	808444	0.0517407524336	1118932	0.0293973016857
2635702	3597151	0.0270250577021	1200926	0.0285296264241	2475856	0.0396541308918	3026669	0.0403425446975	700768	0.0483328317867	3007323	0.0276562273637	2113870	0.027994145027	3304049	0.0282068669783	294809	0.0303829687625	3710486	0.110445219016	1689790	0.0273117151115	4085443	0.0303622657106	3450495	0.0284351106863	1252447	0.027306342836	717968	0.0217174975782	3467110	0.0271854099919	4388343	0.0275320959924	1720482	0.0262029991204	4126713	0.0271116555621	1418327	0.0771521146907	154823	0.0311767973361	1667353	0.0388498177573	1329046	0.0372107562883	2423177	0.0271725602587	2869884	0.027662267882	4362070	0.0334490378977	908291	0.026050690786	3644626	0.0279739891416	953088	0.0215672567226
2890458	1142959	0.027704096523	1445276	0.0227449481042	3228483	0.0222685338399	18176	0.0156159001485	4100728	0.0459397976467	1649015	0.0260046906404	2453042	0.0267531755464	1940877	0.0221744920612	1259558	0.0229285019234	4378545	0.0282765305657	4333213	0.0224333867794	1914650	0.0248191190902	2266710	0.0223911727065	1735252	0.0224291341992	1844506	0.0241236041951	955782	0.0251861599597	3330014	0.0224676612594	808552	0.0257968359117	2432579	0.0335153101437	4274221	0.022568796073	2023717	0.0229233718004	887980	0.0197671056514	908700	0.0225023946993	2837086	0.0279179516885	1147671	0.0216553483755	1214372	0.0218773323617	225563	0.0244034863906	1228528	0.0247895818998	1218074	0.024343672028	1042221	0.0221821973049	2196163	0.0222565869012	2131100	0.0241791065329	2548534	0.0156196021544	42025	0.0265127452944	3394452	0.026241585533	304976	0.0294198450128	1080054	0.0256651769395	1434377	0.0186334081296	3653459	0.0278693695025	604213	0.0239042552823	3252676	0.0211940291999
3812533	1474606	0.0146207879251	1689074	0.0151712349205	2361895	0.0293476171835	2851837	0.0299893236792	2660906	0.0139069492026	2711526	0.0334612411407	4243798	0.0140415366864	235160	0.0756846263948	994039	0.0126513216802	901429	0.0150920674928	891583	0.0346754345629	6128	0.0170024794632	2525912	0.0126812370503	4332574	0.0171925587094	2161373	0.0170287597037	2706698	0.0129679378218	1894858	0.0230268487493	3754635	0.0175885846072	157051	0.0145607430701	1831903	0.0162272921814	2924679	0.0200688768557	4131307	0.0154159811567	637738	0.0831480606206	1676552	0.0140479053465	4113542	0.0516627948044	2308136	0.0831480606206	804944	0.0307040322172	1149241	0.01306737284	2927392	0.0204775834569	449222	0.0315067276817	2120305	0.0222459631568	2431286	0.0125701451044	3055627	0.0169000778406	3941541	0.0122434618098	43067	0.022106789871	3394788	0.015550100712	529359	0.0158467084345	2424275	0.0217173801382	4226906	0.0208444204464	3911984	0.0268996825101	131523	0.0129092921508
2079553	3213261	0.059013777216	3603595	0.227211752816	3218582	0.0400491461735	3431613	0.0363765400348	304086	0.0531282420683	882870	0.0681866170346	1821500	0.0297637033564	2501438	0.0306414547812	3708860	0.0552709132714	2254330	0.227211752816	959345	0.0697375753495	2779623	0.103408525082
1056362	486909	0.02690517993	3325632	0.0150620375764	3716183	0.0118974870789	2793578	0.013452589965	2364986	0.0126590605634	1933718	0.0148078473891	3249289	0.021154743898	173556	0.0119743086461	1051574	0.0118093052756	3595431	0.0204709572503	2344959	0.0167513355862	4318694	0.0149342494081	770932	0.0194716057881	4398000	0.0121818556334	1435433	0.0221557713172	1795276	0.0460014274943	2524914	0.0281245892473	3148036	0.0324874381793	1744637	0.0218294609511	1810548	0.0160196088992	4134208	0.0247099747698	4185801	0.0121579615815	3512415	0.0247099747698	3002244	0.0956572793083	2599936	0.0372940226013	2367079	0.0221557713172	1606284	0.0372940226013	767598	0.0293598664717	2558671	0.0362467606273	46978	0.0297176046896	729239	0.0215315751306	1464402	0.0870710079388	1328617	0.0121538273063	1646742	0.0220880095337	3047026	0.0278560383636	166257	0.0262969109481	897222	0.0179216106527	3250643	0.0119814507038	3676564	0.0179705241364	1829135	0.0156749464713
4054068	4102705	0.0229741021119	1658493	0.025772419893	2202233	0.0619090758186	1835200	0.0137051341411	3453426	0.110926172829	4358556	0.0432469251318	2931209	0.0251720535403	2912097	0.0188632855365	2467445	0.0320065278891	3398071	0.0204143996981	2283541	0.0206186411263	150407	0.0115296777552	2182583	0.0278081264638	75502	0.110926172829	83128	0.0619090758186	3057733	0.0197877433982	3957856	0.0207822728705	1203579	0.0218566253822	4188752	0.110926172829	1674398	0.026198248133	4320053	0.0205317040031	231602	0.0187839755942	3780697	0.0200040799307	3744982	0.0446399758472	2979899	0.0317248485465	4210429	0.0229362504013	326185	0.0340463124817
1086887	3408563	0.0161320817576	1497202	0.0129522253059	907005	0.00845921938971	2424227	0.021737580278	3784080	0.0130062166114	759113	0.0145270053386	3494312	0.0501566853212	1059618	0.0084621497899	2126032	0.0131019890588	1406861	0.0807240709179	1866903	0.0155119076073	2425821	0.0177264499765	1852017	0.012728244319	1829714	0.0160680714008	4296381	0.0158286637622	2781258	0.0153089470275	3317503	0.0162887183067	3165866	0.0129935923305	35811	0.0146413556127	2658366	0.0135596793857	74900	0.0189373992996	57553	0.012676146061	2714175	0.0174912162366	2710014	0.0209664873321	2722532	0.0199661259703	454736	0.0269463568659	3604987	0.0154158246174	3780174	0.0119613197581	1744944	0.0367391079413	664650	0.0130189422598	3933042	0.0135420229171	570514	0.0324857559236	2846976	0.0305882217912	3978264	0.0274157730858	956898	0.0084621497899	611830	0.0126795642233	2156362	0.0291150541984	1166803	0.0159451961674	3801316	0.0194838150939	3490532	0.0336645523404	2636884	0.021737580278	1093040	0.00846208596085	3192944	0.0291150541984	1604968	0.0254004731283	3380621	0.0141362582294	3716218	0.0154473754581	2778669	0.0221916588016	502729	0.0239729667346	3642669	0.0190006264145	3257383	0.0131200354255
3335877	2903373	0.072286967554	2953739	0.0706089888911	2146951	0.0632122554256	4335476	0.0549442579218	914951	0.0528723382824	3087669	0.0696963526119	4290437	0.0699169933772	1410968	0.0560996513906	770266	0.0554185157363	1630385	0.0532283415879	3136617	0.0561869621433	3461137	0.0940989188651	1864593	0.0562531694327	2207353	0.0595022877723	1891815	0.0579476200864	2665340	0.0577263789214
1630779	800257	0.0360119095457	2513756	0.0337392838557	4051093	0.0182325911468	1590826	0.0228957977332	4027091	0.0179891087639	1133840	0.033115627246	3223326	0.0220331703426	407320	0.0382197895214	4286473	0.0318299434829	2945657	0.0793949007214	1193421	0.0413433128623	1166437	0.0215730368904	3413867	0.0339671483058	214836	0.0337023533308	4367764	0.0356719781362	398998	0.033180899808	2683241	0.0356174220279	1149456	0.0215574970552	1929910	0.0381332127865	1593204	0.0182316585507	4043671	0.051806682866	326299	0.0349565742341	3404506	0.0304615095195	266362	0.033115627246	3131561	0.0227876584323	2676385	0.0680124255368	3021017	0.033180899808	4083825	0.0214057610221	4031333	0.039586916568	2110292	0.0182453026539
1597224	1330464	0.0185628891406	1095506	0.0087265718449	1218637	0.0835294680643	1350457	0.0301268873361	941485	0.0135480627654	2833995	0.0146704246052	303804	0.0336147307873	4218330	0.0151724682735	1608270	0.0154866956137	2910578	0.0158876921716	3431665	0.0121769908716	928314	0.0288992126484	899629	0.0132113256083	659485	0.0199370767301	4017675	0.0253439328038	2210417	0.0121168598734	1315844	0.0111850713821	833596	0.0256375055464	3625708	0.0175401968109	2544826	0.021577145653	2316075	0.0134451576	2098585	0.0160680034175	495786	0.0835294680643	1900928	0.0139589501202	4271752	0.0128660478028	2965708	0.0128392623076	2321982	0.0131380214486	1495423	0.0131202160993	2629709	0.0156214303873	3786845	0.0121186436801	2718557	0.0131416068643	3614998	0.018428601113	1392503	0.0131273140249	2255414	0.0164182577705	4338253	0.0127813900972	2044272	0.00872384583427	1450692	0.0130679836084	3116621	0.0150318611871	227875	0.0087334623303	2533435	0.0157504555202	3915905	0.00872568322396	3339133	0.0140187167528	4394589	0.0179480403312	3368308	0.0116685485417	2854557	0.0133730451945	1597824	0.0602537746722	1233670	0.0136187913256	2146565	0.0170804713271	3808498	0.0136091858319	1387536	0.0126878742071	20974	0.0125725634644	3980904	0.0124934497929	2974916	0.0130886675261
229167	4257071	0.0264161701708	2337048	0.0246215866078	692133	0.0237713930121	3246037	0.0251322862918	4141643	0.0258286823104	728794	0.0260943883582	1295207	0.0253191614695	1915863	0.0256821144018	1682216	0.0391827661969	586052	0.0238518864693	879329	0.0256144377229	3126030	0.0244413367799	1508004	0.0251065359448	4063037	0.026307764516	1106085	0.0245447166261	3939982	0.151012333408	3203746	0.0274555826555	565542	0.0249372344644	1078772	0.0250356226868	1137300	0.0344179075359	3911433	0.0246564366622	3643544	0.0267303594093	1828107	0.0269923719129	1876189	0.0397433190779	2636868	0.0253081575817	3984522	0.0241018242112	1254130	0.0270017891876	74152	0.0449740923459	1973426	0.0251168088416	1070424	0.0304835119328	196894	0.0250057533361	8642	0.025111667872
809417	1249774	0.0324397681395	2590456	0.0319426826758	3019671	0.0209480121598	3428179	0.0507415601115	249727	0.0524662998207	2781809	0.0210990151838	3745588	0.0392906076503	4336816	0.154483818285	2809909	0.0486095662728	3112062	0.0316877057569	133401	0.0499779024765	3788770	0.0405824836585	210193	0.0534477331031	1702627	0.038909939533	62722	0.0299109816098	1509924	0.0159461965451	1525891	0.037007543454	3791199	0.0387276099582	2881739	0.0336191053385	990600	0.0344166480774	3107303	0.0310844309378	1834265	0.0515679654181	4359274	0.0242197391389	448428	0.0368726846952
2768514	3875783	0.0244383665067	1956335	0.0176135178518	2822794	0.0188637824913	4126195	0.0169469865696	3915022	0.0175056451078	2290272	0.0174794352137	2894165	0.0179381775866	3382675	0.0100769993768	2344592	0.015412426303	1013556	0.0188637824913	3657313	0.0960873958529	1799675	0.0246895767257	646871	0.0175188611389	2009214	0.0206889122685	1726547	0.023191955415	1614275	0.0201056524259	3066492	0.0874625168897	1954749	0.0597024558142	1824674	0.0245620733108	878292	0.0279812911729	3637756	0.0193887709833	378470	0.0155376912082	4209468	0.0175997602023	5207	0.0693124047444	1427879	0.0204818312914	1258724	0.0177121255575	4287856	0.0177556689651	2804431	0.0100720500959	643774	0.0364097417569	1806877	0.0176273560848	4337255	0.0268136983516	652338	0.011835167806	1746578	0.0232818674868	3511928	0.0100178891196	1112723	0.014148764899	3182101	0.0252419005129	1770354	0.0597024558142	3762514	0.00993104460718
1999314	1071480	0.0280806002079	3835902	0.0172866331211	2774664	0.0400783753131	230342	0.0271627912876	685831	0.0372578799381	1414358	0.0287443426478	4112238	0.051747320739	465461	0.0267073945929	909966	0.0249011686293	4366301	0.0181056929983	1769520	0.0277501659716	166652	0.0286552838375	849243	0.0351303341146	3626349	0.0256277982898	147231	0.0254169136458	4028849	0.051747320739	1705659	0.0183155327737	638867	0.0257897518942	798603	0.0278572848971	153508	0.140134342334	3781109	0.017538193365	1055712	0.0260477724991	1129006	0.0257281254394	1206795	0.0182462418692	3197780	0.0637778876948	3243827	0.04677799267	3172359	0.0145713146075	3820375	0.023570130956	2960822	0.0289283505844	1194521	0.0283170623424
1878017	3334880	0.0414969653669	284076	0.0243033377273	3441344	0.0243258338524	297486	0.0294018838834	4344755	0.0243311729834	3347648	0.0367795454126	2257404	0.0361568759428	2674600	0.0243267534283	335662	0.0424626894414	2635481	0.0430517545003	1751262	0.0296081860242	1563627	0.0424957155622	200574	0.0243282255844	3222813	0.0357698491675	2236834	0.0433896254683	1230434	0.0410709950719	1354942	0.0243262016346	4292678	0.0312354806864	999052	0.0420194938528	1650565	0.0406055027412	1449370	0.0289636177404	2150530	0.0243236285052	229063	0.0482947495309	92276	0.0243208750618	3187162	0.0477403187186	2737907	0.0368653323125	3898745	0.0836795559456	1045654	0.0243258338524
1939002	2872786	0.0217705974909	2964697	0.019510682091	23468	0.0305901626199	1912401	0.0267563298067	507503	0.0284176507909	1658532	0.020547834898	2847893	0.0209345549543	2709909	0.0192969435337	1926409	0.0205767055249	3423993	0.0194462489374	3697368	0.0216373277013	1359935	0.0217479374156	3770951	0.0197774858262	1351607	0.0327908758451	1795212	0.0255481277672	3338764	0.0216700497195	993652	0.0204082532078	2758394	0.0397254794073	3901619	0.0278537100363	3943934	0.0237614940002	221042	0.0216373277013	3179108	0.0199794823649	3622708	0.0274747375717	41108	0.0203545326976	3705351	0.0204980933123	2634303	0.0131848932053	4099107	0.0421431891986	2423610	0.0194102273184	2496583	0.027723567193	311081	0.0284176507909	1257042	0.0204980933123	123990	0.0225509461269	2711646	0.0238058558166	1504082	0.0220578028882	287746	0.021659099308	3095346	0.0233485669272	1039420	0.0290643110664	293171	0.0364279666811	3044711	0.0233485669272	1986319	0.0324397588589	3352642	0.0212068791587
133196	2955388	0.0211920199856	2279443	0.0240745055475	3248976	0.0228635239252	3007041	0.0247923137152	3061065	0.0254768379511	1707799	0.0264749076397	3475138	0.0271197834026	1316890	0.0215643913748	172209	0.0291001585093	2369984	0.0257364768545	3260747	0.0235061268839	3195193	0.0297391174958	4213083	0.0201031426088	3602612	0.0258271464429	456676	0.0202127159611	3949190	0.0232771726755	758662	0.0256044160676	2400872	0.0162458950709	512158	0.0128795890035	1172100	0.0202201952351	438153	0.0238040197434	3435306	0.0213372708612	68388	0.0258271464429	24881	0.0199306823326	3568871	0.0214187943665	2611761	0.123213170429	337337	0.0128758239209	2337191	0.0212580991645	4180284	0.02997250086	4171685	0.0230635457495	3814826	0.021678796722	1068938	0.0325599883591	4118629	0.0215768750838	600012	0.0243379471645	2410922	0.0281178506434	497327	0.0213952547321	3454707	0.0163125241849	2124786	0.0235780986187	1640267	0.0217311742703
2665628	197885	0.0159617302131	3404285	0.0260469239798	1955711	0.0124060780132	2235016	0.0133366218203	2628160	0.0169523008229	257532	0.0252778344723	882471	0.0257751240987	748690	0.0219434708409	1836823	0.0253968425086	1904134	0.0185272215043	1889591	0.0290942187373	3918650	0.0255192758593	3870303	0.027924444942	669479	0.0224640336477	820900	0.0264885260284	2340305	0.0185868769513	3654609	0.0255192758593	1519315	0.0125099346413	3239423	0.0138067274532	2218596	0.0125257216115	3320407	0.016908113841	3450899	0.0220914080635	2064518	0.0209536607485	1433849	0.016064777076	3029137	0.0125437242836	762443	0.0393118398804	49379	0.0224640336477	1775729	0.0336588417236	2055425	0.100832878442	4216818	0.019523147513	210233	0.0210986132891	3866027	0.100832878442	1915750	0.0171387647631	2121329	0.0259089245438	3425656	0.04057813538	2981220	0.0393118398804	2384006	0.0160361238213	1354352	0.0186791106562
3013800	2173013	0.0284230854643	2795242	0.0327143890123	1537901	0.0393235008492	3704661	0.0389974462713	1671475	0.0455961338715	1628201	0.0293369540009	2002447	0.033547117912	829105	0.0298032849717	3482620	0.0298282938263	1576395	0.0298282938263	3891184	0.0343395853098	3962681	0.0341646348371	3652664	0.0473581552163	1247144	0.0343141778836	768761	0.0325759453916	423931	0.0299387277779	4095085	0.0302072428466	2385026	0.0287435794802	1246864	0.0289647711982	2633130	0.0297702097773	241198	0.031275324413	3837285	0.0307355687782	2149529	0.0386293331374	2608778	0.0288555243191	3016851	0.0286829641759	2404752	0.0345214878608	3818809	0.0388103931375	3953177	0.0308885313469	205155	0.0299387277779	859505	0.0398866153289
2105065	1335914	0.0148601822603	1903385	0.0148636660167	3286704	0.0148550301211	2495343	0.0288523410933	2374978	0.0286418411029	2763010	0.0319899469718	3099494	0.0294547307354	1352200	0.0211108123938	3876030	0.0282506854405	3991957	0.0220392314796	1227451	0.0246533146689	1388290	0.0314223030516	2469749	0.0395537450398	1432007	0.0430062531003	3949432	0.0880690043038	3443645	0.0211069995982	3371594	0.0310540713572	1313603	0.0446001238504	4182327	0.0148628785382	2158438	0.0272949686483	1391802	0.0339550658031	1709480	0.027237012356	1257049	0.0211069995982	2619645	0.0290740220426	2115199	0.0286830940637	3427934	0.0353705539033	1300845	0.0329320285282	1456473	0.0293563347679	3497113	0.0430062531003	1145282	0.0222818510732	497408	0.0225421092222	3868331	0.0288957501545	2219019	0.0148620915406	1759227	0.0301547040741
1628076	4299971	0.0228861152579	2447469	0.0145533879665	1653331	0.0370492782388	3692382	0.0150141232931	2474280	0.0207111602464	4002557	0.0248678957079	2569056	0.0317151745548	1378122	0.0144274076203	1858058	0.104241408078	1136826	0.0200085942399	1087946	0.0319576633664	3643507	0.038228012868	1867865	0.0288444513391	2451440	0.0237981098489	2358408	0.0256433605125	2807252	0.0213983422292	4080164	0.0119695757166	3078708	0.0243636571138	3694055	0.0201254231515	2610693	0.104241408078	1748552	0.0333492482887	654673	0.0214946609633	1607849	0.104241408078	4270186	0.0312594417576	1898512	0.0215942499796	2674075	0.0152830699808	542264	0.0264437643475	4303500	0.0262861018393	3538181	0.0119701009473	3353907	0.0119698382986	1431717	0.0145470364352	1944985	0.0119696632365	2470226	0.0194287521777	3176466	0.0141181142425
290529	662372	0.0136479053956	644724	0.0128568916759	1808451	0.0137413726828	2120764	0.00733657179253	1961983	0.00779385344002	838828	0.0338601962319	4338871	0.013121620085	1037756	0.0640902157935	1214600	0.0130653853176	1227451	0.0178197812306	4256161	0.0140521699388	2262508	0.0293633752286	2318862	0.0338601962319	3943851	0.0146316710779	4035254	0.0640902157935	3502437	0.016930098116	3426425	0.013215453292	1276685	0.0128766503727	3878152	0.0293633752286	3064120	0.0704102986541	2032292	0.00871422377177	2372670	0.0166868515414	70501	0.0507902943479	4062572	0.0136177384403	3732396	0.0183904135599	3725493	0.0704102986541	2692734	0.0123883716841	2573198	0.0133923653131	1906391	0.0184965961241	3116704	0.0139254105446	4066406	0.00736557460359	3491633	0.0113894098377	866090	0.00966625419867	3299007	0.0122263413093	3514758	0.0129373198455	3513737	0.00928685074049	1425593	0.0125685121836	3583677	0.00882711169879	2212689	0.0121607569959	3642669	0.0124487978429	1194552	0.00904158784231	146592	0.0130653853176	1442101	0.0704102986541	2686272	0.016629316853	582360	0.0134876435656	176207	0.0131102297875	2699681	0.00900614569399	2851688	0.0134326014689
2257324	1624320	0.0274773123077	837096	0.0194075267153	3228903	0.016113093577	203657	0.112719781841	1991008	0.0286666108272	859522	0.0563598909203	1881893	0.0403654570021	1075038	0.0803031928417	1386950	0.0436059640359	8149	0.0296925702147	2827722	0.0405861837304	1302720	0.0194314788486	3772148	0.0290456839013	959578	0.0298718320336	4276407	0.0395477497926	1793764	0.0284473056717	3981385	0.0299024824028	3159114	0.0405861837304	796174	0.0395477497926	2155186	0.0429578272763	2677481	0.0322577958207	360747	0.0299958178921	3048604	0.0803031928417	4327419	0.0339320354387	837431	0.028875280544
1271823	3147259	0.115363754199	3322647	0.039913119786	1774653	0.0219645370294	875992	0.0147156550478	2280691	0.0221682563332	2885222	0.0150538453967	1926267	0.0211304967932	2649319	0.0219210612934	1428453	0.0304857222706	2312514	0.039913119786	1245457	0.0416086790203	3904969	0.021753181497	4262360	0.042600301188	3776402	0.042600301188	4236096	0.0346208505051	3846211	0.0235540072585	2497161	0.0554782386938	180049	0.0554782386938	2849171	0.0217736587331	129152	0.0226754928256	541296	0.0226754928256	3533126	0.0142146768221	4249701	0.0118938926744	652503	0.0592852420524	3553483	0.115363754199	3603827	0.0216925820276	1720023	0.0501018418603
1675510	1828909	0.0330698129912	1924360	0.0322924811754	1926403	0.100288109866	460673	0.0244892704229	1048534	0.0359100916591	2634517	0.0354061116024	520415	0.0325208037211	1951546	0.0332598372626	324383	0.0264682454584	4290989	0.0320128397389	1992782	0.0334873227164	1582933	0.0599827201148	1354434	0.0315596459621	809489	0.179692170504	334372	0.037733222886	3847228	0.0320969322819	2668901	0.0318696110908	4085284	0.0273061881612	147130	0.0321827329268	4114804	0.0299664147813	4166022	0.0321396152647	3915514	0.0452591835603	3532795	0.0410066358524
3785247	3400835	0.0286434344394	2678444	0.021425104928	894990	0.0248344693502	1637643	0.0284978528342	2819106	0.0252515307963	377057	0.0257181910533	1480418	0.0265199563694	3627152	0.0256918881768	1685517	0.0318733386609	1801877	0.0344234847799	70926	0.0299631178712	799675	0.0269090420229	3437534	0.0527771479475	1164387	0.032129392727	1405233	0.0245479088605	4202670	0.0252975916498	4187055	0.0234679894839	4219500	0.024520678645	2574789	0.0199182242931	650049	0.0353153421303	3850417	0.0306235891189	3797848	0.032129392727	1775168	0.0269277882433	3645433	0.0376619460438	1691503	0.0329120004297	541740	0.0356900339129	1819788	0.0300874320246	2476481	0.0286732045755	3611182	0.0264866400371	1433144	0.0286732045755	2279423	0.0256399062239	955794	0.0194706374269	908242	0.0264866400371	4347361	0.025525883598	3233285	0.0252860140062
199989	3090781	0.104319903737	1542786	0.043295364329	2132190	0.128572900198	23669	0.257145800395	3947661	0.0477074719396	3694224	0.0365538739557	712598	0.0943019971402	672125	0.0807959174483	3402027	0.0482730283632	2801618	0.059322389346	3261791	0.0997113531483
241152	2692727	0.0335243890319	3970176	0.0318123816069	2774664	0.0441376192236	4374964	0.0318332069615	3360123	0.0541442627825	1059566	0.0343639784588	3744081	0.0471569013777	4155856	0.0309196011107	3421192	0.110877627514	225242	0.0381889993584	2518437	0.0219590547458	4021011	0.0351614868491	3020414	0.0380382486742	2607568	0.0356143775963	1055201	0.0185428180539	276265	0.0221711208042	2559075	0.0330300413569	1529138	0.0306925784319	3686983	0.0422918192903	1052623	0.0309363257509	2252115	0.0226060169201	1499906	0.0324381533336	1997358	0.0317916594774	579884	0.0317301034652	720780	0.0185495867802	1467354	0.0577315452809	1389014	0.0397560957632
3794875	2161106	0.0349195129136	3554028	0.0501653537705	2005137	0.0501653537705	3237608	0.0351832519647	2102501	0.0356225879495	1511578	0.0347144264489	3725376	0.0847892842962	1298787	0.0328233681243	891834	0.0355955825591	869370	0.0412986092009	2830583	0.0471224217794	198554	0.0249518680033	855864	0.0361366278729	2954312	0.0381022471764	3695053	0.0398613572596	2567543	0.0344546136061	4266817	0.0434952903252	4291951	0.0294558423802	1329024	0.0349195129136	1726987	0.0393392412238	2327449	0.0720941369501	1360097	0.0374375737575	3483411	0.0242286274978	4367567	0.0284311109455	3316563	0.0346921973107
1029514	1173777	0.0435687856772	1503150	0.0503768138586	2682024	0.0156893381327	2066661	0.012637471979	2076728	0.0222134170813	2300740	0.0227779329879	2105723	0.109955372843	533256	0.0126348622795	1323498	0.0218621577527	3610201	0.0126351415924	2835886	0.0217690876755	196405	0.0210457634375	3938026	0.0126347691911	488503	0.0217538633161	1255470	0.0470957929282	1746422	0.0223589741293	3465849	0.0213575846378	3599361	0.021815248635	2505739	0.0126347691911	2426285	0.0435687856772	1822168	0.0390801244671	318465	0.0220577244174	1690979	0.12079832381	4335612	0.0241083848095	3814868	0.0231159930538	3249466	0.0871375713544	1470264	0.0217086675882	980003	0.0126344899734	897207	0.0203630025384	1532298	0.0237436926695	1444680	0.0126348622795	2372054	0.0222312300356
2549626	618118	0.0330876533795	4179744	0.0436395057041	1223623	0.039768913531	2528846	0.0377055620439	1178189	0.0466563119003	2343787	0.0383170450489	2097984	0.173261576608	4018796	0.0353751007965	1283688	0.0360659487115	4330849	0.065652827873	4159681	0.0362538396126	1751742	0.0377055620439	1006126	0.0476309203412	642720	0.039768913531	2227812	0.0452540623854	2249986	0.0419810843175	3946304	0.0416606028915	3402158	0.0440664446475	3300523	0.0423172925422	3544904	0.0457856485455	4063630	0.0280451835448
220280	4257071	0.0247310798509	2337048	0.0229962862674	3246037	0.0234697792035	3640324	0.0214836203712	1915863	0.0240370643105	728794	0.0244266688543	1295207	0.0236944279069	1106085	0.0229643505311	1682216	0.0372908573153	4141643	0.0241755216857	879329	0.023973151147	3126030	0.0228669896653	1508004	0.0234938508222	4063037	0.024628493452	4160534	0.0207751636692	3939982	0.141167468498	1828107	0.0252769416355	565542	0.0233296609193	1078772	0.0234269789493	1137300	0.0324512048864	3911433	0.0230695903813	3643544	0.0250285990568	3203746	0.0257165328581	1876189	0.0365042931242	2636868	0.0236840449623	229167	0.0963617884569	3984522	0.022547390905	1254130	0.0252858716433	74152	0.0407412834916	1973426	0.0235035392056	196894	0.0233988152533	8642	0.0234986907199
76673	2103639	0.113775596492	1190799	0.0860604078412	2651186	0.127848270024	920584	0.122039315929	711971	0.154098464431	4389471	0.135877486373	3816506	0.122137373278	1181821	0.138163085632
3306058	2643775	0.0285851769595	433931	0.0230538220372	3498771	0.0358450450695	4264233	0.0262802679371	1580834	0.0438183822843	707623	0.0195593381853	614764	0.0222564626246	4108423	0.0267301183841	1140903	0.0250392150817	4333213	0.0240044385843	919249	0.0184649402233	3156125	0.0261957799687	492661	0.0265444271095	2244917	0.0224306749321	1133512	0.0438183822843	992394	0.0196143061625	3391561	0.0290328327484	3282831	0.0226787436645	2518177	0.0225214807596	804023	0.0240522252081	3403325	0.0226466754167	3903580	0.0311255847417	403354	0.0225214807596	2003764	0.102303544794	4155035	0.0231268045212	4043575	0.0235172687308	3753595	0.0239572792951	705478	0.057758027286	740267	0.0283082286976	666883	0.0213354133865	2421793	0.0238647862273	3828365	0.0212530741797	1596178	0.0224909260059	1969350	0.0115944107088	3682894	0.0117612438983	1363036	0.0219091911422
2746040	3413637	0.22764280627	1327108	0.403159372784	3779586	0.369197820946
1184608	3914414	0.0271786076792	1413626	0.0308824858544	3452449	0.0210709028404	859383	0.0378103416991	240548	0.0355450463758	3461820	0.0231007386977	2080867	0.0203470109032	1715046	0.0224943966527	3872328	0.0294033162579	1198401	0.0222156539849	3082551	0.0196325761797	4047788	0.0242730097286	3934541	0.0230181257274	3461386	0.026750312891	408400	0.0304694982157	2218649	0.0373773789176	4080202	0.0238518583371	2159214	0.0222471206272	3803694	0.0275140666195	2529231	0.0225815750872	497768	0.0230798809398	1310967	0.0233623655802	801341	0.0227638212498	1102392	0.0214744514674	3253951	0.0243947041687	4006970	0.0300877812112	2083839	0.027051619164	1402117	0.0195801302757	933617	0.023317242665	2931785	0.0373773789176	1332902	0.0243638755183	2024615	0.0222789263488	3125692	0.0210605066441	1201574	0.0244888706145	721161	0.0207941296939	158192	0.0163276357603	3827014	0.0200779790579	285720	0.023317242665	3268365	0.0231855764443	1990157	0.0238518583371
1631930	169006	0.0356980764573	3903966	0.195959817427	1684619	0.036068757155	3431849	0.0364894252575	197302	0.0361782549713	182589	0.195959817427	2965353	0.0357266265871	4071409	0.0364556599663	625355	0.0228991918098	2275335	0.0359921342858	741291	0.0357123286172	95902	0.0815760465279	3090244	0.215283863511
2418789	1451997	0.079512012162	1796662	0.0906315174418	98364	0.0752619759127	2695887	0.133725725489	725176	0.136160382229	4309774	0.0751413868132	3206063	0.130478732878	2900029	0.136160382229	1483547	0.0766473054952	3420423	0.0662805793496
2720664	325428	0.0500009440391	3508375	0.0454750727418	605649	0.0554022111952	1435788	0.0588636677912	4300832	0.0274822872979	749727	0.0539218649944	386543	0.0498539263967	3856256	0.0690577986856	4223556	0.0480017312979	4081478	0.0521902333877	493464	0.0521902333877	444246	0.0461156624915	1188342	0.0390897274081	324131	0.0482256241855	2663252	0.0402338885451	1217783	0.0679065052788	2795664	0.0513039773385	354763	0.0639474088888	4297494	0.0275404006001	1142835	0.0531968340485
4179109	2988867	0.0295606602893	3005380	0.0353011149944	674851	0.030968000253	2939583	0.0375354020127	1475071	0.0314134712721	3410401	0.0320772900325	2013735	0.032294276798	1826993	0.032111194766	1440349	0.0334354802249	237398	0.0315283771321	2886096	0.0313157851041	1106757	0.0307436934863	1792720	0.0309059753237	266450	0.0739120575122	4133281	0.0756735370018	534598	0.0308936981026	1531692	0.0322498903558	2981073	0.0354123675591	800079	0.0295606602893	1711606	0.0985494100163	30823	0.0340767282418	1998175	0.0333298843278	1753313	0.031456143474	908398	0.0332156672408	1887013	0.0386053885708	2184651	0.0338738456186
1671930	3927536	0.0272240711991	1137612	0.0475901699962	3521119	0.0268800816749	1843488	0.0271345001438	578211	0.128310651412	2719409	0.0274563661007	964477	0.0295904885547	4283409	0.0715827021264	2599451	0.0259428744626	262905	0.0324063309511	1376104	0.0277348516162	2033670	0.0293342073312	22893	0.0279020611764	597543	0.0310424493919	4300274	0.0741801923301	1865407	0.0243560441939	1178686	0.0269073530715	516020	0.0290218429328	3033169	0.0299050581994	811401	0.0307053192947	2667993	0.0287825005162	2006873	0.02488630395	1780556	0.02786498749	2061946	0.0260524299745	768553	0.0339689303894	3272692	0.0279698508417	1071528	0.025640518858	2029421	0.0296268618206
578211	247043	0.0329900571715	1137612	0.0548094201424	1843488	0.0318068905245	3927536	0.031904307881	964477	0.0346660683496	1589567	0.0299512258554	4283409	0.0949565947396	2599451	0.0304111925221	262905	0.0379260445078	1376104	0.0325068714267	2033670	0.0343552500843	22893	0.0327017173315	597543	0.0363295921871	1071528	0.0300583851021	1178686	0.0315418924915	516020	0.0340051759611	3033169	0.0350161283378	811401	0.0359594462305	2667993	0.0337267907416	2006873	0.0292033976334	2493835	0.0218056089613	2527207	0.0315291307536	2061946	0.0305438157072	1360986	0.0309586796563	3272692	0.0327718420206	4300274	0.0770447178775	4084728	0.0305197558021
895652	645395	0.0229001114658	3070937	0.021683826607	2297587	0.026423035924	2932809	0.0224968055403	585387	0.0213009162821	3829025	0.0234487333902	2835404	0.036367868617	3595297	0.0225277060084	659524	0.0283160782863	329351	0.0221840418204	659645	0.0208711514212	4218194	0.039599935943	4365578	0.0228297981449	2726122	0.0199427801963	3007520	0.0232972429005	3544070	0.0210139924333	1075032	0.0208776075651	1204555	0.0210174186132	1829781	0.0218177557233	1252070	0.022478434022	938045	0.0227953007666	3312470	0.0358467510441	2031178	0.0176092350025	1316297	0.0237488064303	1120031	0.0217475998	3816310	0.0209732577742	1243946	0.0504699437252	3734631	0.052802609781	3391997	0.026031406987	3726592	0.0224541323695	897222	0.0212588694864	466320	0.0251739036608	2228623	0.0226680226001	314793	0.0888459983025	1813838	0.0230993267162	3489005	0.0206734147085	1094516	0.022406179941
314793	1025571	0.0298079881707	1348990	0.0468742090781	2088922	0.0327870372805	1347766	0.0362719404529	3782693	0.030991328196	3146502	0.0366348329714	4386434	0.0332836326707	905303	0.0298384180864	4075133	0.0290504662541	219890	0.0298568050811	1584567	0.031163892202	1983347	0.0298506652495	2442017	0.0358001402212	1829781	0.0300397378075	1566705	0.0306686368855	3346294	0.0347611605301	3426983	0.0310422627726	3576579	0.0289362163498	1382930	0.0295624596179	1487455	0.0287015517387	329351	0.0305396797899	3732121	0.0298938737528	284186	0.0681890280764	2645655	0.0306763671317	3233089	0.0307545846131	156933	0.0363305911235	1601768	0.0307704311004	538917	0.0368594870812	772001	0.0299376256738	2686993	0.0301249500403
9838	3639090	0.0379307033545	47677	0.03178357609	4307204	0.0319676003934	1759655	0.0306201668679	2872806	0.0558719524429	3285161	0.0300784590374	4231287	0.033699890907	2049112	0.0330385014913	3489331	0.0300599489782	4126908	0.0503389234335	4269187	0.0314134939956	2437304	0.0300599489782	1369474	0.033699890907	3132820	0.0337120725882	2492669	0.0334291855476	4192289	0.0313730847594	941879	0.0326168598603	1577852	0.0324618657282	1368303	0.0311521866337	3875575	0.0313865050573	1447951	0.0535316872881	2430625	0.0326636397398	1802181	0.0319676003934	1073895	0.0368884418842	3818470	0.0321117448891	1881355	0.0296193757255	3680932	0.033699890907	882890	0.0298152126847	4323525	0.0330075894361
3676072	3610260	0.030090001539	1708895	0.0264437687278	3938790	0.0287715091931	2327626	0.0201423415345	2474910	0.0227963177234	4136118	0.0287939997461	3859594	0.0228853459011	4374020	0.0256932745586	1173358	0.0225131404511	433945	0.0515944677774	325054	0.0244059734189	374126	0.0255746594229	1406110	0.0229993058133	2489418	0.0232513155238	1307438	0.0274601317105	385205	0.0210566098585	3348552	0.024200771143	2849585	0.0247065762607	2430386	0.0244059734189	1956887	0.0246072454836	2265281	0.0239778031679	1710696	0.0212096033129	3240023	0.0524347640133	2915484	0.0524347640133	3853283	0.0655076627377	2862095	0.0251097812033	1519757	0.0248373812658	3974683	0.0250187112854	1455903	0.08766830454	2310654	0.0229063350622	1733207	0.0238202405369	2677013	0.0265509043046	3767360	0.0261310153506
1283324	3055191	0.0210903100248	517662	0.0226328951397	2131645	0.037064064484	2236079	0.0227253558471	1602263	0.0218877221897	2546020	0.0219152427172	4070298	0.0424105579015	527245	0.0244039318515	2605403	0.022233924784	2312363	0.0219244825651	1489891	0.0209214766863	4311998	0.0225967774046	2229793	0.0232183847272	2482170	0.0150762560931	505717	0.0243816348669	3505604	0.0213553120753	2452016	0.05091274852	3752618	0.0194783286696	223898	0.0214955937319	640252	0.0221925237838	3979857	0.0243156973341	1464243	0.0460044473234	3191458	0.0409052555694	931255	0.0210542672568	2655136	0.0232560826278	1122978	0.020632674701	881826	0.0235940754273	4042981	0.0221366489308	3968183	0.0237973610006	1546168	0.0193968135437	3661235	0.0243265890775	2243365	0.0221669774774	4320130	0.0211403531821	659434	0.0234851514187	4146380	0.0236284298252	3829942	0.032135968835	384663	0.0236370820948	2813888	0.0211471053749	322968	0.0220672302396	1714838	0.0212542646967
2779293	3095762	0.0252908759957	2197452	0.0234770926278	370647	0.032486603555	390582	0.080888267572	930408	0.0286542367908	2822139	0.0191287028643	3096812	0.0375633482044	4138414	0.0336290066402	3736702	0.0216833932828	2841239	0.0274871599913	911089	0.0421167442589	2260479	0.0164570069269	52907	0.0269183325137	4181787	0.023629600338	3958563	0.0246889162526	2214877	0.0269183325137	1580648	0.0244124337975	2473679	0.0235103459939	2667877	0.0181780949131	2979817	0.0263065186805	66663	0.0278045697966	817610	0.0309617506643	2701422	0.0344022517621	2660274	0.0390686238206	1029814	0.0239779622441	39339	0.0726574335101	3858787	0.0228242653151	1542715	0.027386593978	2560220	0.0273372300726	2718465	0.0314217743565	3990867	0.0197705039908	2844485	0.036616568125	2467393	0.0223454586512
284186	2348219	0.0351800202173	1025571	0.0289942873914	2664819	0.0292755885954	1348990	0.0491731429103	1927367	0.031510725915	2088922	0.0317851341818	3782693	0.0301110772994	575994	0.0344759463833	1372837	0.0361056564042	905303	0.0290231239361	4104671	0.02748319125	3792968	0.0297283923265	1347766	0.0349418495614	4075133	0.0282700020328	219890	0.0290405452994	1584567	0.0302730978963	1983347	0.0290347281533	2442017	0.0345228192192	1566705	0.0298075060679	3346294	0.0335902881992	3426983	0.0301589233418	1382930	0.0287614031464	1487455	0.0279420203767	3732121	0.0290756606731	3576579	0.0281657797742	2645655	0.0298147871587	3233089	0.0298884356804	1200986	0.0305573213698	156933	0.0349937383086	1601768	0.029903351118	772001	0.0291170957887	2686993	0.0292943600234
687772	1036427	0.0311599445817	1589646	0.023722758534	2880602	0.0297184584346	1777797	0.050890315403	1529778	0.0171768774817	3000800	0.0181668102463	861119	0.0291156231523	1836434	0.0320370822224	1324842	0.0264945785328	2176819	0.0196350652454	3952645	0.0210271464452	696568	0.0285734354863	498040	0.0990279812312	96613	0.0197114522967	2584222	0.0283219697056	4049750	0.0175967747705	3032191	0.0221742092762	1113051	0.0129518165735	3074678	0.0165212910414	1882977	0.0552685686511	2998526	0.0146863019798	1326080	0.0169549832091	3909507	0.0239017043304	2393053	0.0165629492058	3628210	0.0990279812312	4237243	0.0194883095535	731683	0.0191525554138	757130	0.0214572904152	2800740	0.0320370822224	4332448	0.0174235227242	3942442	0.0209871791713	3677018	0.0990279812312
1617739	3837739	0.0209083559505	554042	0.0218235921613	1922320	0.0314092570409	1835542	0.0189142971957	4081294	0.0279237408923	1148721	0.023165140408	2853150	0.0198825917728	728266	0.0285609905033	2519431	0.021982294057	1630855	0.0224021176008	2292007	0.0212771317757	2863830	0.0276763288522	2397227	0.026494533413	2242014	0.023189216759	1354127	0.0189044248078	4204440	0.0181701389091	177169	0.0272929983698	696650	0.0252596311732	23522	0.0252159210286	3494008	0.0184717029932	460937	0.0225959419423	1747650	0.0220649959538	910321	0.0240710891045	3999645	0.0209306944936	1558705	0.0674924719219	1733055	0.0215582286681	3212229	0.0330089370259	1425541	0.0262030591024	4148964	0.0300421640042	1890640	0.0223096568298	1507566	0.021949855098	1878588	0.0246160738909	608915	0.0225169290938	173810	0.0180606193772	2565940	0.0201337271476	2977162	0.0230939780343	1990391	0.0207675292	3733462	0.0222734531806	3107061	0.0154938163864	3666200	0.0206539351308	3297856	0.0312384387498
3814044	1924186	0.0317044497981	621387	0.022812562739	3599542	0.0234419403316	2807786	0.0467750714527	3957070	0.0301367810234	1777561	0.0427963518153	1474892	0.0426277382188	917810	0.0236460935128	1099021	0.0503160370933	2865712	0.0423023202704	3351857	0.0473749804769	1885695	0.0498900787176	690633	0.0490943140475	4096165	0.0445253233386	2732874	0.0312819801798	2746158	0.0312024366109	2444652	0.0382028018628	2474353	0.0464909058951	882182	0.0421452042623	556336	0.0685902057473	2125577	0.0360868273623	3683966	0.0302281610528	4126721	0.0634534804057	3185879	0.0236017003589	2128187	0.0412722534261
1644819	1541134	0.0211385546196	1523499	0.0212825319355	4028978	0.0450289805315	2266747	0.0215012815863	3968762	0.0332292791621	3463369	0.0187465731955	464669	0.0197587134059	1393748	0.0243503579461	2274782	0.0343430011512	223179	0.0236250263529	2593067	0.0212199549636	333795	0.0339497425707	1280290	0.0240424938627	2015447	0.0695229137399	3690846	0.0538090688837	335116	0.0214562208159	2118986	0.0303324666874	1737606	0.0222431555472	3294209	0.0201926532178	218390	0.0244589906732	3456509	0.0218883177716	287923	0.0213036915707	151856	0.0240920317832	4034472	0.111892813156	2168088	0.0328980651811	709027	0.023669057299	3650859	0.0210789695498	3726349	0.0466629274536	4273186	0.023945412323	2942613	0.0190186438491	595116	0.0198449405399	3675785	0.0263370456552	2503314	0.0231361230194
2847256	1057335	0.0130866823203	3275269	0.0164445583542	3476174	0.0242157001113	2893476	0.0187764151763	2555588	0.0153125742348	1779085	0.0163042671896	3852691	0.0284974072347	1272614	0.0120782232323	4321466	0.00911586784833	3169639	0.0304759051608	3898344	0.0801799656546	2395088	0.0152873845999	50559	0.013847273555	1897644	0.0547313412295	422806	0.0150892022799	2138089	0.0195276965389	3331148	0.0317705597179	1348127	0.0400899828273	879102	0.0166254094421	938489	0.015111943283	502827	0.0880866955731	3517111	0.0228787840586	390648	0.0491621208571	2294852	0.0116604171815	2498405	0.0166729696782	326101	0.0165942451652	3598825	0.0135119965361	1824608	0.0177492349924	1397590	0.0635411194358	2740510	0.0382555658165	1944071	0.0156031395158	3106009	0.017957545612	344073	0.0165331724654	252519	0.0152957454445	1564832	0.015672671341	3692344	0.0165482867622	2285388	0.0310907386335	612119	0.0152056773085	2972406	0.0156031395158	2037770	0.0158083741161
3590687	680750	0.0190632693336	1842699	0.02271962774	4108864	0.0208407978832	2709637	0.0164997865712	3149804	0.0209145061266	3984133	0.0438520630317	4306744	0.105340263855	4139131	0.0298946265091	3151378	0.0211480965149	3922377	0.0188222664236	1222301	0.0189778121761	836999	0.0207408086004	3928254	0.0212472348978	538170	0.0300580965549	3183235	0.022012022869	1879008	0.0203986451878	2734229	0.0223579522119	3160742	0.0181148933252	239588	0.0427348460215	2492240	0.0221230559025	4326032	0.0302269385868	1045708	0.0218631105131	3658415	0.0222382704946	2608760	0.0340256960642	1709265	0.0305820055436	4157646	0.0210366617842	1742859	0.0226385729297	1986533	0.0177360279464	4023105	0.0198741535684	3304120	0.0199562440641	1140545	0.021068052771	3457436	0.0211807596742	1120531	0.020959689851	4328249	0.0719059166362	3375075	0.0208407978832	2087101	0.0249697681691	2152796	0.0210366617842
2828165	1573847	0.0286041453817	4051092	0.0273303407197	2511330	0.0456977225113	528112	0.0284686399271	1497111	0.0194545833943	3512482	0.0466438880563	30855	0.0342909128389	2860105	0.01624478907	348757	0.0288656545026	3218037	0.0370978001109	1148692	0.0461578019874	2165964	0.0328779825379	385382	0.0283164032656	1941179	0.028841140357	4314726	0.0281700590961	2426864	0.0270336319911	2630897	0.0308573430052	3735686	0.0466438880563	1965514	0.0329399197484	1006656	0.0284245180451	3014683	0.0482861044072	240228	0.0284465151381	3870615	0.0289151486426	2390566	0.0288903233537	599121	0.0510513478986	3027876	0.0272979076578	2497585	0.0284908937287	3333461	0.0867454459277	142497	0.0289151486426
739891	3694798	0.0130355849446	233520	0.0197849705956	2301553	0.0158943078692	3319132	0.0230213468434	2068624	0.0320094207676	1569031	0.0197849705956	2805595	0.013730029545	376196	0.0273934800377	2171874	0.0220422547811	4332064	0.0204978535208	835297	0.0396606903687	3972133	0.0240257684041	720771	0.0204978535208	3062805	0.034549081505	830240	0.0262780625421	2069493	0.0208338703659	3917992	0.0208338703659	2953925	0.0106709409786	3688394	0.0275768464498	3613710	0.0159276005058	1811301	0.0197403272088	1917202	0.0366904984723	3396620	0.0329104707595	1764381	0.0164171031288	1313075	0.0308655028794	4032057	0.0220898811921	2567837	0.0441797623841	4035890	0.0162515118402	2204733	0.0207699039644	403354	0.0339575279059	868992	0.0187670889112	1565044	0.0925965086383	1253560	0.010670535799	1143467	0.0275768464498	1089842	0.0162170662954	3612716	0.0193683104414	3205050	0.0106694022392	3940511	0.0125220934526	3196568	0.0359054013674	307864	0.0210689834614	699379	0.0127164687014
705478	317405	0.010551221557	1473730	0.0217107789012	2666360	0.0258024549268	3244550	0.0234976335778	2907760	0.0163778033988	2950859	0.0461722277798	2844942	0.02022027014	1814051	0.0487874997372	543091	0.024127983387	1267073	0.0253162761814	848083	0.0232860991413	2345665	0.0323555862909	2606800	0.0278895809511	3514368	0.0395527316643	1970503	0.0250926211288	687390	0.0253162761814	91003	0.0201673801076	1897624	0.0248803978048	1364293	0.0210820588274	3096708	0.0232182090492	192646	0.0205297641942	2712146	0.0219822544824	2314615	0.0178285316565	1323094	0.0235709152792	2829729	0.0228356330063	3188114	0.0232860991413	3725639	0.0231515602542	3799520	0.0201673801076	3353508	0.0213419225448	3928955	0.0216676442302	2756227	0.0247782647812	1836634	0.0200898309818	1969376	0.0200143363577	107137	0.0210116324638	689362	0.017645472125	4394726	0.0229586813992	4370659	0.0195783464677	760231	0.0255524671428	2033292	0.0252029540429	2314609	0.024127983387	3956916	0.0205297641942	2836366	0.016743471026
1490443	774381	0.0244026064315	3373524	0.0319657142859	3434027	0.0237510341759	4076378	0.0154791805909	1630711	0.0273506497411	3785366	0.0291675538461	3168288	0.029820380611	662293	0.0268426589212	4071714	0.0153314329505	2945677	0.0267833532549	3468799	0.0292703246909	1428453	0.038725812955	1148692	0.027558273687	1725062	0.027558273687	3006127	0.0321452717687	1556588	0.0212450248722	880993	0.112025615829	1776872	0.0373418719429	1494425	0.0252446639666	4377076	0.027558273687	2939775	0.0288721465709	1333672	0.0237510341759	703112	0.0319657142859	3955006	0.0434392695676	2475733	0.0246955122138	2656663	0.0237253836135	4052245	0.025985549283	1812817	0.0271527891182	3444457	0.0243715302017	1986338	0.0299383348313	371875	0.0164965991711	1802122	0.031147842796	2482228	0.0236746731709	2343818	0.0152156491052
2469094	1759861	0.0286112573954	1899832	0.0269076404128	2535428	0.0326231049827	3035165	0.143360576114	1451930	0.0315543197138	3943059	0.0317812106333	2155507	0.0187175047054	2273059	0.0292701643927	2858109	0.0150235751689	472784	0.0302134092197	3702949	0.0150208670003	1325305	0.0340953760693	4242298	0.0271091787313	2884532	0.0350142920155	1341413	0.0179788530293	864042	0.015023462216	2128326	0.0302691235758	4000807	0.0306796121135	4333790	0.0339756640183	3470792	0.0430227423545	782890	0.0800110609577	3770989	0.0150238011042	1665768	0.0272678463735	2890900	0.0230683212591	2801275	0.0178850673279	4270957	0.0336315604852	1136777	0.0150208670003	969423	0.0364615803205	4181536	0.015023462216	266171	0.0314809951007	1749460	0.0348735039922
3901733	4288812	0.0307908175494	652819	0.0279311225465	2052218	0.0339989743826	1598799	0.048151308929	3080302	0.0466418058663	3951155	0.0376310361885	1501266	0.0265842717648	2253701	0.0357442940643	1413967	0.0278010640998	22249	0.0645759359608	566171	0.0466418058663	4135084	0.0267869139211	1982836	0.0714549137822	4225545	0.191509448386	3507542	0.0513866457002	3677558	0.0262178501578	2252875	0.0350430697716	2643117	0.0380499740685	3577176	0.029201633903	447955	0.0270245839386	3470020	0.0466418058663	1826611	0.0301907232859
1757245	2970789	0.028985695357	2069408	0.02398377718	3460163	0.0235964983478	2550489	0.103173728599	804301	0.048576030675	2459052	0.0469791768983	134277	0.0260577119487	2339923	0.024729163428	2328563	0.0236238485502	2202833	0.0281133070999	879894	0.0311263172317	4344170	0.0735024472955	3818942	0.0346558034774	3508996	0.0262182839742	2387834	0.0245130758508	1951236	0.0334440786801	2595737	0.0285832719673	2299886	0.037796509163	132963	0.0284698566336	884371	0.0456161447998	2474826	0.0286217895773	4075770	0.0504830172683	3120229	0.0310583870729	1328462	0.0244643215598	4090133	0.0287795837693	1139661	0.048576030675	2587743	0.0462721429197
2017000	3658341	0.0564090280893	4166471	0.0556244245249	1013504	0.0568368914423	2757283	0.0494277239054	3072153	0.189172328977	2996803	0.0559839305302	1088626	0.12843650949	1058622	0.189172328977	4129543	0.0599278293	2859735	0.0563173651518	3623098	0.0461897399389	799384	0.0565018996719
4370019	1284996	0.0166029430607	1677156	0.0161027960252	685984	0.029511771748	2934570	0.0152078520569	2329501	0.0146082025854	1762197	0.00938668176371	4357568	0.0151190113602	3443799	0.00938750182587	2554409	0.0151459099253	3067560	0.0154143231311	1140494	0.0310857075801	2591923	0.00938524864693	2475744	0.0154775473343	3040469	0.015125700496	227279	0.0331785766848	1876210	0.0501458219179	1982551	0.0192667362971	2368419	0.0286555308593	652151	0.00938675007057	3496276	0.0155181121479	1749188	0.0123465978676	3999172	0.039021034027	923593	0.0093857260712	495909	0.0898492512637	2393422	0.0109059717794	3520959	0.00938668176371	2859110	0.0275772219193	2643077	0.0112269060888	3682543	0.0110191410651	448392	0.03615799864	1769677	0.0146337036958	4012239	0.0243567870356	3191578	0.0151123456486	3481182	0.0817843129832	4269137	0.0148750765586	3109116	0.0165354891555	4227057	0.0168486760219	2570003	0.0269639066238	246249	0.0190781771054	1006533	0.0179798748465	1798137	0.0151939131811	3792084	0.00938675007057	2129580	0.0156891286837	761431	0.0160596758559	8583	0.00938668176371	1878730	0.00936824612717	5798	0.03615799864
4391624	2843965	0.0835936989605	891033	0.0189827024573	400360	0.0202819203205	1576372	0.0180691065879	40716	0.0294737061912	949221	0.0200361300421	1150605	0.0720036930898	901284	0.0195435924297	2065861	0.0219771445469	2481941	0.0195967556596	4034087	0.0202819203205	4064353	0.0195967556596	2017948	0.0296229018422	3635088	0.0293288599104	2066160	0.0247505821329	1339514	0.0258826794355	3736406	0.0229775342763	634569	0.0244680358639	4176887	0.0182421271987	1628492	0.027970481567	2543107	0.0242058847765	591853	0.0351611679235	714853	0.06467691422	84636	0.0160271711947	1308373	0.0483279961426	1655548	0.0316319157933	2123775	0.0181731904849	2575014	0.0233178726259	873716	0.03081077048	878923	0.0195435924297	4197694	0.0183340803047	1719498	0.0202125545816	210610	0.0189551026837	284547	0.0227232369973	2302412	0.021955846164	1305305	0.019262374705
2400168	140809	0.0215741718632	2013673	0.0210374933389	877789	0.018913481758	1227181	0.01936921865	459453	0.0255520772386	53830	0.0233548366882	3161528	0.0346115964125	1655594	0.0231822719803	2675559	0.0256967687641	4367570	0.0234839628908	1144542	0.026003596822	3393735	0.0217335167551	2261751	0.0314324854759	3628087	0.0262224373403	3327590	0.0285821125282	777418	0.0190037926068	1253093	0.0195563256777	3381000	0.024634278488	776986	0.0289910113141	799235	0.0238454313048	319232	0.020328365863	1438969	0.0206793440571	1366784	0.0214366923939	2279814	0.0287820584108	1542755	0.029322938698	3055435	0.0295577733461	380747	0.0375968863527	3147630	0.0224755909625	1842851	0.0621918276287	2302539	0.0217634665319	3374781	0.121019708571	1501681	0.0250645909018	2062634	0.0303384789606	2004265	0.0221492375478	3099714	0.0205121718766
2881885	3251019	0.0342656329795	3967029	0.0319032833329	1886727	0.0268929248958	2639318	0.0281219288288	1617487	0.0288342698171	1773041	0.0254800483341	3258682	0.0344232532768	4088374	0.0263308724276	1359734	0.0324304095806	283811	0.0339629153962	1057639	0.0263584169577	3345740	0.023126395092	1185439	0.0288342698171	2419905	0.039986697671	2256874	0.036976206651	2722532	0.0362861857982	99300	0.0317068259259	280155	0.0173469913188	1409520	0.137313808152	1967265	0.039271703475	2312186	0.0207462189541	2119469	0.0309080772323	4272290	0.0244471077358	3038885	0.021983903463	3288607	0.0305154702558	3976444	0.0365079772222	3577739	0.0284392886674	2573361	0.0309080772323	82730	0.0182098793355	943928	0.0374809601735
469250	1660389	0.0269927559361	2193450	0.0235228622683	3417824	0.0269029339459	3933315	0.02301116518	2430528	0.0268149516406	2408420	0.0589331399603	2469277	0.0227382369136	2736624	0.0216443423885	4286570	0.0310876504887	1443991	0.0235228622683	1583371	0.0233786281797	3733790	0.034415233163	1379857	0.0423472929408	3442486	0.0206662502748	4366624	0.0237512724739	152124	0.0330892481079	2114553	0.0247955176807	2157024	0.0147595279755	1671741	0.0212086096043	1747487	0.0322552372316	1068634	0.0216443423885	3346658	0.0233087479186	4154671	0.0270844852485	2954850	0.0290234172661	3808889	0.0237121403117	1062255	0.0208926755751	2716904	0.0270844852485	276606	0.0589331399603	2707752	0.0521924778865	3579382	0.0337171243817	2063244	0.0270844852485	1733778	0.0498042810723	3282625	0.0270844852485	1033933	0.0225959936229
3328818	3698622	0.0156687932991	4322462	0.0295406076014	2044089	0.0189473890749	112729	0.0193270911128	799567	0.0471164171534	1020635	0.0156680975529	3381566	0.0195732298021	2111659	0.0195659363115	997153	0.0318560015901	4151054	0.0319808443512	2314825	0.0156680975529	500352	0.0290244049196	4081661	0.0156680975529	3879533	0.0292231777211	998916	0.0465188836581	503535	0.0156676339203	1887922	0.0184542815487	140471	0.0189288660413	1797121	0.0313317934183	4208884	0.0304801606239	1748070	0.0284249320094	3048205	0.0156683294286	3418442	0.0188015547778	15735	0.0156679816299	4053942	0.0292916407875	2790602	0.0288970985672	982442	0.0302577844397	458912	0.0156678657168	4095551	0.0269467596161	3066003	0.0278568845462	3055381	0.0156683294286	2840374	0.0288970985672	2869131	0.0769503720814	3669111	0.0303453847433	531547	0.0276469228572	4374536	0.0156677498136	4289774	0.0186907842639	3902892	0.0484427219187
235289	1967133	0.0412083793783	4240850	0.0428026356278	1964031	0.0779965706504	3960445	0.0577182433652	935224	0.0531069665461	2028936	0.0425116114975	446248	0.041673591904	4107293	0.0992121332448	1182503	0.0877072079373	3475161	0.0510365202384	1877527	0.0805610995385	1980865	0.0511629778515	2306731	0.0526915027531	3962610	0.0810395211168	2321756	0.13957103835
3705968	4297293	0.0334963016486	3080536	0.0305827810522	3102190	0.0402183225848	288143	0.025744112504	840744	0.0388841761458	4116419	0.0352317738114	2039694	0.0373592798999	2523513	0.0329872967531	2829617	0.0254219617377	2274901	0.0346990377256	2225582	0.0332992528446	2075766	0.0311150811594	2183007	0.0280142327219	313852	0.0348708318738	2788591	0.0398091112914	2736582	0.0316286277085	1513240	0.0347842454812	2568310	0.0307655076932	2561066	0.03749591834	107899	0.0430292169913	2724790	0.0610236158215	2433349	0.030691487004	540471	0.0376357019551	3209652	0.0365991825959	3817618	0.0430292169913	899976	0.0390590143011	604896	0.0341381885301	2778073	0.0383865228326
4306057	4182723	0.0202739666702	2175591	0.0266655384474	2410231	0.0425648084934	2344894	0.0296580984351	2528483	0.0269294575905	1371894	0.0196595765786	270254	0.0317813180868	3609190	0.0135971890461	1996215	0.0135982252079	3369706	0.0348961894876	1683868	0.0189861948978	4167915	0.0202686595847	1982805	0.0166813360381	4202411	0.0334752739913	4180655	0.0361626425704	2597875	0.026581388593	2134694	0.0195245557585	1457142	0.0277325618178	1611119	0.0174217306747	3120589	0.0323380933218	3992568	0.029407254523	4093136	0.017159089364	678258	0.0295729636808	538723	0.0174121116866	3345199	0.0329591204241	3391797	0.0163561459267	2998796	0.0297448187774	701650	0.0344542993006	1705555	0.0135971890461	566799	0.0348961894876	474525	0.0267952772417	373057	0.0283916802749	2064942	0.029407254523	2179247	0.029407254523	3737744	0.0290928178467	333289	0.0162000198368	4241364	0.0440116149231	78989	0.0323380933218
1273188	419130	0.0159733518723	1025572	0.0269771948431	25648	0.0191175592464	3730030	0.0192316079386	741376	0.028603808626	2695205	0.0152494875609	3602000	0.0152264563297	1838682	0.0220596134382	320482	0.025330485951	1789051	0.0288225084648	516261	0.0196260849926	3356725	0.0364554279522	3339543	0.0129963232391	4038854	0.0230105529674	1019585	0.0237073463126	2078071	0.0220596134382	2281812	0.0256588772541	915697	0.0198265245184	4015173	0.0175145514693	2960745	0.0192483165501	4361288	0.0196068310533	1578283	0.0212193680371	2697720	0.0200427247408	2245540	0.022733722967	3913984	0.0200427247408	3055995	0.014092602531	1405176	0.0364554279522	824856	0.0108316127877	2269355	0.0162366127537	364185	0.0131684297856	4249357	0.0276337973886	3061837	0.0164117469949	2111382	0.0313383244185	1270063	0.015854268613	718223	0.013647044008	451334	0.0266806101379	1880675	0.020180955414	1367843	0.103286004937	231906	0.0940149732555	2781166	0.0198265245184
1943336	2740395	0.0451179442484	1036740	0.0280873033367	3913611	0.0451179442484	144139	0.036161912503	2950859	0.0326229511293	1839845	0.0974982554154	664071	0.0526954972067	1492448	0.0280873033367	603079	0.135161281701	2493953	0.0512157429036	1216352	0.0649988369436	4186117	0.0228046176229	884168	0.0175220450686	3051078	0.0280873033367	3258472	0.0281350311422	1262462	0.0288107565447	2005148	0.0351054805383	180049	0.0410097001752	509131	0.0281833162679	2479195	0.0335775087708	3899063	0.0345502267021	1745197	0.0355065052561	4390145	0.0165120216783	3191242	0.0334305139231
646961	3900074	0.0243848718789	323515	0.0361101829981	3478475	0.0239824204675	2399639	0.0231218985456	811643	0.0240463240995	266210	0.0224632832329	548877	0.0277843277789	3969461	0.0389274869126	360398	0.0416301170674	4108468	0.0231218985456	2340665	0.0225638214416	3148285	0.0266103805163	2916646	0.0389274869126	973284	0.0259619310978	3215178	0.0282279031314	2393572	0.0149917721313	883743	0.0284183958336	167543	0.0243494984783	2447534	0.0125154939673	958809	0.0156007021557	3643090	0.012582365329	3943478	0.0522571413389	1097932	0.0231710984906	1535903	0.0250045521459	592166	0.0206015916928	3097182	0.0278695647759	3800745	0.022646687353	594959	0.0231959833244	2175119	0.015709154508	4099907	0.0225434484687	2647454	0.0206118654738	1531789	0.0267403564739	1918518	0.0280451350956	2367295	0.0232463357642	4246983	0.0867972329861	124127	0.0223278740165	1091818	0.0229094155698
1464402	2331661	0.0288021232604	166257	0.0367005256102	293499	0.0292723482589	628970	0.0406289033176	1440631	0.027993367112	3438118	0.0172547010421	2121829	0.0170359006954	640837	0.0359948449203	2230946	0.0290900232689	1829500	0.135383814878	4266739	0.0183011407514	4288251	0.0311670992898	1277715	0.0175580212465	1744637	0.030722133016	1301832	0.0177550049129	2230585	0.0244319393538	2503102	0.0212083769348	2819455	0.0178209419626	2673801	0.0321982668255	329636	0.0288581913508	189379	0.0274765261806	1606284	0.0499930964438	4103953	0.0235344815926	3814868	0.031760258519	729239	0.0306378588627	3193936	0.0312611754732	3827606	0.0755591457467	2794	0.0587964437407	4072900	0.0328033454324
1668865	607102	0.0410983424941	2298824	0.0319152817362	4394314	0.0245912448736	3553809	0.0428620560457	3619471	0.0246022340317	2828415	0.0317999620383	2937646	0.0461590449145	2536759	0.0246022340317	1469526	0.044186311935	2700199	0.053226166486	2823568	0.0480365118288	3206059	0.0246022340317	43916	0.0296656385422	4031782	0.0245958943833	3133309	0.0298391527424	660836	0.0429616445615	1613169	0.0435607739587	1674281	0.0245899448263	3425217	0.0447470607868	250964	0.0245962667825	2175353	0.0245962667825	2240452	0.0243912372058	968215	0.0245960805748	2284680	0.0245938473495	2298024	0.024593661353	803017	0.0245944054366	725932	0.0369730758244	2773377	0.040662226059	2781164	0.0432359324153	3256744	0.0295252659681
1405176	80191	0.0150412009603	25648	0.0269225507105	3730030	0.0270983858069	741376	0.0471141268517	328366	0.044562146581	364185	0.0182732798626	2583127	0.0457471793777	3136502	0.0496268398492	516261	0.0277117208243	3339543	0.0180352414028	485368	0.0177800657102	1019585	0.0347553539457	1789051	0.048715567668	2667787	0.0150414286403	571916	0.018469265585	568624	0.0268019093101	915697	0.028059538143	1255925	0.030285896568	4245731	0.0376813065827	4248172	0.0213140811456	3334121	0.0543527473708	692278	0.0150407457197	1743763	0.0317219644151	2754909	0.0457471793777	2440815	0.0150410871353	95953	0.0451345458544	2507438	0.0336501967005	401595	0.0187038058716	1013029	0.041023796978	1127341	0.0279939548581	2156745	0.0342367152345	203059	0.0197014121703	3093848	0.0186147627886
1185313	3027203	0.0420211065565	4378402	0.0467085200366	919813	0.0193035950305	2214671	0.0415965598745	4275073	0.0660651280527	2126028	0.0238592759462	1136110	0.0244157557909	1206427	0.0504033849387	3457457	0.0540077512035	3046656	0.0368808259953	4010684	0.063569530121	642435	0.0483510419242	2078515	0.0342308967978	1790210	0.0338267535218	1553998	0.0425938714472	4026796	0.0430904665835	3222485	0.0376103308039	2505326	0.031845018103	3223101	0.0691185866124	2542929	0.116299361988	2572385	0.0417001037638	897001	0.0325021349078
3468775	3477487	0.012930894698	2630416	0.0327014971743	201194	0.0126780311183	1497443	0.0107336251658	1383383	0.0211666794474	704398	0.0259501469778	4032763	0.0399755866306	337613	0.0107355419938	4151099	0.0399755866306	1596403	0.0295854497048	4305598	0.0136434669457	3828727	0.0107370622914	2702675	0.0240542002215	598348	0.0259501469778	2671010	0.0217718861244	1112156	0.0211324640748	2741515	0.0166194205256	3016929	0.010734343513	3627626	0.0205185110468	4064967	0.0136395172398	3106923	0.010734343513	902549	0.0107370622914	552503	0.0231414115946	3516031	0.0274329637753	3115632	0.0336786334605	1133821	0.0248442007641	1960686	0.0131335978828	1466411	0.0107332263239	2262113	0.0322635678047	1280045	0.0132463248525	1901244	0.0243859336517	2242378	0.0107340241791	232453	0.0127550022275	1484949	0.0412632624453	516892	0.0224135154601	2888634	0.0295854497048	3619668	0.036981812131	128941	0.0232041307535	1196632	0.0209992862434	76285	0.0272613400214	1759513	0.102535355242	3337147	0.0327014971743
202759	381088	0.0117404160768	405268	0.0117457720146	4372671	0.0140825271739	3493798	0.0117492111399	3213236	0.0223166557688	4157891	0.0137808720075	3030943	0.011740503652	855238	0.0303930268261	1951621	0.0217078137939	1272566	0.0301909348179	2113089	0.011740503652	2945494	0.0344115685029	1474048	0.011740503652	946753	0.0171480291382	755952	0.0218554436331	2986077	0.0176977509199	866038	0.0235855864094	3497845	0.0138579279617	2777331	0.0352782609082	462452	0.0226231082934	167543	0.0272730849721	3069912	0.011740503652	3033737	0.0264793084646	4383709	0.0257341531572	394871	0.0141801735843	228726	0.022435751388	2164890	0.0277305937472	3523611	0.0214990591291	3956	0.0301909348179	2978019	0.0215670436153	1191406	0.0221738057293	4029946	0.0138262746143	479934	0.0323499006709	2034969	0.0352782609082	2850651	0.0226231082934	987389	0.0216366066083	1534202	0.0259679260855	3126217	0.0303930268261	2727705	0.0264793084646	176491	0.0368255496554	1615162	0.0117491228119	1439627	0.018046567009	653057	0.0176780299217	3589947	0.0216366066083	1447676	0.0451188829234
3931888	2844250	0.0394457999137	3749973	0.0426390406744	4096222	0.0178250873264	2258666	0.013831813447	1042570	0.0378383782923	165860	0.0269347407897	1621459	0.0138202678355	3533665	0.0172686169571	3787544	0.0233583756361	1702649	0.0236470535927	1342143	0.030761258276	3651273	0.0234997661673	4323867	0.0679535253492	1760307	0.0331833717587	3848255	0.0137050948178	131133	0.0278158265896	3881384	0.0279566300681	541141	0.0456095732042	1071254	0.0234520013607	4143548	0.0139718978286	4065066	0.0212950296475	1565453	0.0135772611315	3035970	0.0378383782923	1783601	0.031556639931	1699044	0.0270506042925	92971	0.0371435715783	3680338	0.034413193048	2397646	0.0144357939271	4046515	0.044012510486	3275508	0.0230917224378	2007547	0.0263971575155	468725	0.0200477621148	333362	0.01460506052	2760950	0.0147442931586	2119305	0.0290776817549	48093	0.0247501527409	1655961	0.0214450675382
582517	1400944	0.0703388201285	1083151	0.0473978758245	2530535	0.0683928768828	4214199	0.0952377063207	2102092	0.0791145523907	460842	0.071985764089	517046	0.0784859922534	877453	0.0716358652896	640258	0.071985764089	1212299	0.0555433410456	2107125	0.0477209244197	3332055	0.0982822422781	1649066	0.0697448264817	2615498	0.0741334485067
1023388	1783722	0.0799427188222	1432067	0.0723770726637	2676629	0.062108934897	3630243	0.0445142885665	1008660	0.0541329131553	3921953	0.0565069480613	30860	0.0456384353384	1905410	0.0411216609667	2434772	0.0799427188222	3315181	0.0380246250601	2408399	0.0381227123067	1284786	0.0457547802275	2001952	0.117113966249	608521	0.0799427188222	1446685	0.0799427188222	564069	0.0648127872192
2638932	3112719	0.0173205234954	2149564	0.0287577897764	3019866	0.022925980791	1151908	0.0233909028212	1608219	0.0230590851549	3986897	0.0234552267889	528391	0.0235844182841	3013867	0.0250123456189	3400937	0.0233988591569	1249713	0.0238770512407	2958196	0.0222021333815	451247	0.0225322445206	2423869	0.0234028462369	1211863	0.0237335801233	3918899	0.0221406484243	610198	0.0319464672838	3040039	0.0232934049083	195728	0.0292076643691	1922849	0.0250980812091	3999175	0.0243579006465	3249825	0.0234430476549	3543815	0.0236535949562	2713545	0.0236187862082	283379	0.0264134444107	1684303	0.0275066465948	3485705	0.0234511609236	1815525	0.0277734819969	1137818	0.0272304115109	608261	0.0229326423829	2073817	0.0248412400738	511459	0.044530426901	397729	0.0330125274352	3805958	0.0225436623641	4087934	0.0248345961678	1672091	0.0229594623041	174051	0.0249358483371	1691036	0.0236932945119	756574	0.0229293094327	1607220	0.0235844182841	1678986	0.0234148433173
3161449	3901450	0.0240094558961	628582	0.0275752509593	276451	0.032158722221	2457277	0.0272235630849	2755025	0.0244595926403	2577820	0.0491382632775	1372972	0.0346687083979	478645	0.0197287782295	182163	0.0346687083979	4023359	0.0392398344243	1580701	0.0335524348591	1461944	0.0260208551036	847891	0.0739958233697	4018552	0.020008709417	1800080	0.0302019280216	1891746	0.0251093277326	3608099	0.0251706370476	3544099	0.0253498393458	2586598	0.0273946259338	3465152	0.0253235269011	766753	0.0357525266826	605813	0.052693390787	501193	0.0350044561874	767758	0.0331832180381	3103354	0.0358031531372	755607	0.0264459958986	2349610	0.0266139770497	330715	0.0276237603929	2052804	0.0238350763682	1383879	0.0347094403216	104238	0.0433364198759
3686232	3677004	0.0924962625121	1109033	0.0720656922754	4294930	0.0662674986658	4360576	0.0720860927306	2945632	0.0667538695311	39278	0.0650011001353	1174327	0.0724730759743	245409	0.0726026434127	3016439	0.0723349968752	3712631	0.194666562468	4108877	0.0869422944745	397178	0.0663099109446
3756105	3044830	0.0706415372128	3999454	0.0350308597244	1548849	0.0337782967163	3716384	0.032146900593	1005284	0.0330211615975	3746135	0.0330211615975	4052965	0.0308552305326	2001786	0.0331505705875	553896	0.0284077781461	659643	0.0162433360697	2124520	0.0415272984497	1240599	0.0300859969011	627349	0.0340060212836	819019	0.0325933751832	834036	0.0373213958252	4342483	0.0162459863399	1511726	0.0327118107374	2032294	0.0304351739288	2053815	0.031739108533	2791508	0.0403141224185	999072	0.0161448239811	712143	0.0162458657646	2371160	0.0866273204693	1175892	0.0162415319279	201275	0.0317881667546	696538	0.0380659463904	3569920	0.0311025785933	798756	0.0207905823798	1729751	0.0443915304103	407983	0.025324530951
2165964	46263	0.0310870581529	2607980	0.0607006090095	2511330	0.0304359585637	425058	0.0325445883367	1497111	0.0189726419131	508508	0.0246274521224	2253413	0.0247167388294	2983577	0.0297202327379	3943502	0.0273378585743	1189255	0.0841828100057	780515	0.0326132397018	1296423	0.0306124580978	2157769	0.0297569930219	3870615	0.0325445883367	351959	0.0245321826046	3516075	0.0304794231919	385382	0.0309880389156	3405903	0.0304359585637	2630897	0.0406173205379	3735686	0.0304794231919	667753	0.0414657798746	564615	0.0190143264148	1127813	0.0285775047933	2202246	0.0292045687344	117168	0.0338625026164	598801	0.0247715939132	1307310	0.0462955425702	3027876	0.0289237210169	1599704	0.0339516514499	1132730	0.036547234207
4386599	2768514	0.0215332034752	1726547	0.0228288605199	640722	0.0221538862343	3915022	0.0534211756879	475196	0.0225792800238	2290272	0.0472365109497	828488	0.0215332034752	1771534	0.0238222603649	703685	0.106842351376	1013556	0.0275362737896	3657313	0.0215502074292	1462375	0.0205790316677	646871	0.0564470401399	1614275	0.0200180258029	1954749	0.0216192388906	1824674	0.022508104726	3637756	0.0259583830981	3438558	0.0230159596987	1427130	0.0457624318509	2944135	0.0121046572805	1258724	0.0603205241664	4287856	0.0509767567457	357008	0.0534211756879	1806877	0.117378320172	1732245	0.0348583332437	3182101	0.0223929769664	1770354	0.0216018265371
1039736	2904097	0.0118688489182	3048270	0.0140414801993	1699417	0.0116924228182	1570926	0.0118698289884	757751	0.011872685424	1918573	0.0212422821621	3797564	0.02289040483	2884993	0.0226684621528	2437211	0.0303074184897	2241153	0.011784440545	1681376	0.0356441782753	2701247	0.0242420857494	3486658	0.0399825581561	3668641	0.027136705335	282493	0.0118717919354	2588104	0.0336409757315	1212296	0.020234115636	1241602	0.0266633503967	3148883	0.0301178118188	1292132	0.0118697398525	2697725	0.0582139506043	4131500	0.0181871906836	3412683	0.0118714347571	4189726	0.047241061185	1228081	0.0297581195081	2207341	0.0118730430368	3159435	0.113279117297	4199619	0.0207165090313	2593954	0.0254311372157	2196163	0.0266633503967	3223129	0.0294220193655	976660	0.0253005574499	502235	0.0212810266638	3707505	0.0118722385827	3351028	0.0118691161174	3356121	0.0231996134788	3370270	0.022990315607	744603	0.0248182462305	4101552	0.0343703653739
2829180	610930	0.0176024566801	4374284	0.0194812892579	1643805	0.0217315955827	1485153	0.012239654935	906158	0.0157078959447	724950	0.0182741202835	577933	0.0222261107589	3360878	0.0206611249505	3501552	0.0220322486534	3082729	0.0158615859388	1257490	0.0177966433073	583737	0.0187559017025	2663055	0.0204611472959	3931796	0.0146466442889	4131687	0.0965459004211	1459928	0.0307912864041	2597305	0.0402627677348	4237169	0.0173622420465	399024	0.0168584716543	3939237	0.0175759731467	512319	0.0388529285111	687360	0.0125073554158	2774732	0.016189253946	1764492	0.0965459004211	3324217	0.0191675221194	1299105	0.0190943842799	926653	0.0177536764244	4332385	0.0259981222087	500267	0.0156807259936	653712	0.0194264642556	4386281	0.0126430712161	1540268	0.0161478081732	4328534	0.0965459004211	1571537	0.0169766693843	3790934	0.0167463486812	1362774	0.0167012945925	273857	0.0177822351014	3174663	0.0140875072149	953377	0.0168298934302	1220425	0.017447877222
